,test_acc,test_f1,test_loss
basic,0.8897893030794165,0.8788692768251931,0.4595244824886322
full,0.9708265802269044,0.9680274282122104,0.10522378981113434
