,test_acc,test_f1,test_loss,num_edges
full,0.9675850891410048,0.9645134161290849,0.10704062879085541,10166504.0
disease_only,0.9708265802269044,0.9680274282122104,0.10522430390119553,10166504.0
